1	c4a3b1f9-6da9-46f9-bd9a-0057b188dd47
2	3aa89445-5e5b-456c-833b-a1e6543f02f4
3	1c7bac30-6022-42d6-b0f5-4ae8b36b0249
4	2c8c4c5b-4976-46e9-98b4-148ea7be0887
5	4d6b9e13-fb77-4105-a22e-de0571082248
6	aa93ff95-55f1-4d09-8d63-d840a7f1e28d
7	42ab3ddb-5c8d-4826-a432-9933756cb4a6
8	d2d5e808-5421-4b0e-a038-16b643c8d8bc
9	5ff1721e-78e3-4de5-8458-04f1a754dd4f
10	2edac0d1-ec46-48c1-baf7-cc2639f320e0
11	a40a1770-2f7b-47d0-aad1-328c6755b891
12	95fa345c-8236-43db-bec4-df18934b1abf
13	8ad7fa21-9c34-42a3-ab84-6156ae4553e5
14	7ec65630-62d4-481f-ba2d-f2a7c0719536
15	5ae04f50-ba5d-4c8d-a5f8-c9dac08c6574
16	29c2bf1e-24e1-4b1e-9428-10504dba1edb
17	e3a4957b-1dfd-4330-ad82-16624a7bb9e3
18	4565c33c-19eb-4744-ba6b-c68f535ad673
19	e0a58d28-1a3a-40d3-8043-62afe56d6372
20	4cd5984d-0393-4027-aa4c-7dac5f470f1d
21	c9f41bea-7688-4ba6-85fd-376fb20cdcd2
22	9bb4fc77-a2a4-4acc-b8ea-ee62f4e36235
23	645754d6-9e18-4545-9c48-ed935c404894
24	878cb853-6fd0-4ed5-81d3-8c3f4a56bd8f
25	8f4587ef-0887-419d-8cac-5a1808e09b12
26	f36dce8b-f923-44a9-8798-50774c0ddfc4
27	22c55e7f-42de-430a-a4ad-2bfe31d66912
28	499294a0-82b9-4402-91ca-6a65d0e8a444
29	e75da5cb-e296-4621-965f-0fa5a15ab28e
30	c3e5911b-f6ec-48f8-a37b-73ac7772ada4
31	70126abb-4e6c-41c7-afab-383866a5acc7
32	26443446-b2d8-4dfa-a337-16a894dbdae0
33	c31fa158-f863-4d3e-a880-5a26739ded28
34	026c1dcc-5394-425a-8e06-213d32768762
35	e5110463-443b-414a-8156-3d2509869d1a
36	ef5cb83e-7b7c-4c10-a143-559082dac005
37	afa7018a-a5e2-4e00-8aa5-757a40c008cb
38	
39	62c9600e-2760-44b8-9bee-00defc3e42e4
40	375ac02a-02ff-4d80-ad92-5482377a9ccb
41	1c988211-b6e5-49d1-bd5b-df731d01adb1
42	77988461-13e8-4886-8838-d9edfeb0f672
43	65bbdb58-74c4-4e2b-8013-f5acabde9304
44	8639bd15-b8dd-4f55-80db-afc7c4a652d4
45	b00a9b82-531d-4cbf-b11a-a05b8883bdaf
46	823ff4e3-4956-42ad-80be-d1b9dc6a33c0
47	834c10aa-3856-4176-9adc-7f54ba438c97
48	a8e7a7c6-bbe7-4d8b-9684-75e71d88ee62
49	54d2e6b4-d43f-46ad-bf10-6a4039489878
50	a1ca154d-9afd-411e-aed5-484c4fe3c47a
51	e6d484d4-1b9b-429c-8bfe-7325068afe26
52	fb62e020-d566-4185-b1e1-cb61de828ac8
53	7c11b625-192f-4683-8e60-b07c53c415d7
54	73bbe547-e8f2-4486-925c-ef24d48b63c1
55	0bb164a7-87cf-4c4e-b036-860921d16297
56	1a7e6aa1-54e8-401e-83d4-f8c7a184181a
57	8ff134d6-99f1-4187-a014-01a36b77c776
58	9c0526f1-8648-41d1-84eb-04fa0b704072
59	6f1299a5-30f0-429a-ac2f-abef9ce9ea06
60	50cf4d2e-d44d-46a2-a09f-66a316ac8585
61	256310c4-3cbb-4249-97e5-8e675026973b
62	1277fa04-1b09-4a11-9c4e-07ad5ad84af6
63	9796dfad-96c6-439c-a61e-0bc04cad71c4
64	bb27d86d-8dc8-44ec-b40b-978b72da92d2
65	bf3cd2b0-9747-46e5-bb8f-992a23e3c77c
66	3d5076f2-7800-43d1-9a28-11d92749658b
67	60dfeaed-5dc8-40b0-88a5-c34818739205
68	ebba99f5-f106-4b03-90c5-890da729b188
69	cd5a6f87-87d2-42f6-8aa5-40104748f03f
70	5fc25561-472a-418f-9ded-575276efb564
71	62854993-22af-4179-87ee-33e27fa3a33c
72	002aa586-45f7-4907-9d45-eaea9fd41cd3
73	61eb7f23-0e43-488f-ad8e-902f74e5383a
74	dffff4ba-1f14-4011-b85d-d3fa9304aba8
75	f7043cdc-7d18-4fd3-8b1b-f59ea4867017
76	28c123e4-da9b-4295-9cd4-e61f9c0b860c
77	44312a0a-5cc5-4f96-b4cb-7215c59b13e6
78	28c2c9ba-5636-4bc1-bb38-477208706e60
79	f92d185d-1167-4871-8fe6-8e43c615c85d
80	8b4152be-922a-4d33-8b31-4fec2942ebb5
81	a9441518-a8e1-451b-adfc-3f3853fbadcc
82	af04114f-69cd-4159-8a58-d898d59af588
83	8ff3bec8-5d86-4be3-9c47-bd6f3d385586
84	6c8cc614-0330-4dac-a3b5-fe28864ed944
85	c50edfc3-3d8a-45fd-a862-c4702db4c5d7
86	91fa454e-eb66-4438-bcbd-e2483816cac8
87	16a453d0-f5ce-4242-ba9f-23f9a09484f4
88	4eff7f15-9470-49c2-9de5-0ddc643f1c8c
89	0ff28206-5d52-4be4-9d0b-88af5107c0dc
90	22d118bd-2750-46b0-9e12-aa357c3ee896
91	5e279292-e6c5-45bc-b78f-4939bc699090
92	8eac06a8-674a-4c58-a48a-b7ae00b3fa91
93	1aa31abb-fd96-493f-a1ce-71009c69208e
94	0a621629-d66a-4d7a-bd2a-ca51412dcbe2
95	9baf4c20-484e-4177-ba7b-62e71defa031
96	e47056f1-3c48-46ba-81ee-ec57a15ce2e6
97	d5fc267f-44d9-4284-9f02-f441d744322c
98	fca0df0c-e3fe-413c-a6a6-14adc0b94da8
99	fc05871d-5246-4548-b8fe-326980065ad5
100	1b9e1197-ab5d-4c57-8ea8-51f2c1a55b9c
101	e71260c2-59fa-49d1-9fdb-1a4f6b01a7e6
102	afceff60-6539-4841-b60a-178951b81d5d
103	25c6da4e-d259-4a9b-aab6-012fc14b0dd0
104	04d755c9-03f1-46e0-bb82-ad52cc4bf88b
105	fe34314a-8c3a-4f9f-8114-c0552855aad2
106	a1affd1c-bd9e-44d3-bc69-8b3cea1e84cd
107	d90c5663-39c3-42d6-9e24-4734ac5f9564
108	043060e0-7f5d-48a5-9078-143346a0801f
109	c51d995e-98e7-41e6-a188-f5b5b96088e4
110	84c8f5e0-6d43-4eb4-8544-6b717e73af94
111	bd193c43-a9a9-4c4f-a04c-665245be9906
112	d3cac1c6-ba01-4293-aaab-472229188e73
113	b082d617-cf46-40e3-8c96-4c2f8e9c3543
114	c277db4d-373c-4d87-9278-ff41a206a328
115	1d147cfa-aa97-4275-88f4-a4f472f14813
116	4d052a82-c450-4866-abd5-0cb7d93a8ed0
117	11266acf-092e-4817-ab26-602686e07897
118	5c6d576e-d644-4a0b-89fd-d8f3eb232166
119	469cd73e-b750-43d9-b798-2e5fd97d7a73
120	e2acb9e1-757a-4257-a44a-4b4824c89858
121	8d840675-cfad-4dd4-b9b9-5037da48ce25
122	5f9cf267-61fb-475c-b031-3367b4dca854
123	c5575703-2693-4c02-8fd4-f74d47f963fc
124	91f08f6c-3a19-4600-9d6e-a435f0b71165
125	e78e7179-6d8e-4199-b6e3-f8bea02bdf10
126	71ae5a70-5f29-4582-b20c-85178cc863b8
127	6c7a211c-3462-4530-b473-16788dacee91
128	34370ddd-57ca-42a2-b2fc-4c79d45b8d21
129	adacc042-6f7d-4c9f-93ab-2fb30d80c7ee
130	c466c370-fb45-4887-81f9-52b3c7f9b681
131	b5d827a3-9086-4860-80c5-857349f64bd9
132	85e0a00d-0fd4-477a-999c-7bbb931ddb85
133	7c5442ea-41ad-4a2e-aee2-3c5837368a4e
134	dc45b7dd-5ebb-4c6c-b8d6-97ac3034cf1a
135	38cfd254-222b-4d64-9b60-3dffd12c25c0
136	f87e525a-634b-496e-b4c1-20d14e9a170c
137	66250389-32cd-44e4-9e69-00a6753dd39b
138	15fe2bee-7913-4327-864e-9e8d1eeb9246
139	52761699-bdbd-4da7-a6b6-f38be616674b
140	f19e32fd-4bf1-453c-b7cb-4c8f94275eed
141	7817649f-8214-4857-8368-62cf6b47c0ed
142	f75d9850-58fb-4ebb-a91d-aee31b83b33d
143	b424dc9f-c56d-490f-8b73-05934614d368
144	616bad96-5347-401c-b808-900df844dd7e
145	321b83d1-09d3-4c8b-9f20-a23c571eba16
146	d3bd1f96-3f87-4fd9-914c-51f38c95530d
147	92131ef7-1587-4630-a108-f00a40faf8cb
148	4533c530-7f91-4ddf-b96f-0e6ab42575db
149	c6d8a65b-efb8-48a7-826e-d42a2d4ff103
150	8789fb63-8502-4af1-afc1-61c65bfbb754
151	b5317eec-ef0b-4802-9783-7f522c9cfd74
152	23b55eba-33f8-4962-9ab8-4044e243d5e5
153	11575bab-8800-42c9-b661-a9021c9360a0
154	c0bce3fd-bcc5-4d5a-85ce-b09834daa1ce
155	13ab690e-831e-4754-a19f-36f042ecbbf6
156	147382a0-90bf-40e0-b733-58cc5a25a1ed
157	db4cdb22-176c-4fc7-aa24-b3a9ce4932f7
158	cce20d1d-a509-4074-9c36-92264586182c
159	1ef268a9-e474-4010-85e5-2ecceb003c70
160	78060454-9eeb-473b-a3dc-0d75743505b3
161	81b7f228-b504-45a2-9208-ce00920e3eee
162	0bac2126-834f-4557-a237-951c85bc0312
163	a51291ec-d3c7-4084-9318-0d8761a6bc10
164	2c2aeef9-3150-4dd9-8517-a2ab0b2119f8
165	b3ede7f8-4659-4b07-9ffd-31768d376f83
166	79efe59f-740a-46ba-9fe7-6565cf55ea86
167	a091cf4b-9c6c-4b2b-b2a6-a2434cf4e0fc
168	2b12999e-96b5-4ecf-a2b0-581382168018
169	36d27bac-c470-4cbb-aec5-8f20bf8aef59
170	31dd1b70-3343-4112-9338-de064499bb25
171	0114c7f2-3c33-49cc-8757-c9b94a338870
172	64f26a0d-3cc2-489d-a37d-c24d1ebbfa80
173	e57282ff-c9a3-4c2d-a327-f0f215c5b3dd
174	92732a13-b3b5-497f-85fe-b81fd15b2ecb
175	d6dc132e-f382-43bc-b170-44cfbccd828a
176	
177	1fe77825-0260-4a74-92ac-de7ba0bf7617
178	960bd4d7-7554-4b4c-b132-812333d01ea9
179	1fa7a9c7-5138-4db0-a32f-879d65c60bd0
180	7e2d7ff8-cb0b-4d00-8693-20a242139f58
181	fee7b065-20c4-423c-ba07-28dda3aa2e8c
182	2ca754d5-ba8b-4ec4-b9e0-09094819f143
183	d823e5ac-1e04-456e-91e8-341bc1b90c12
184	a094dac5-843f-4d25-8f31-2cf1c34dccb7
185	14d59be0-5b54-4fe4-bd02-14b721450333
186	2eda5cda-ce0f-4de4-b595-75fc0e74250b
187	b205f574-5c6d-4fdf-8c6c-2c4946497eab
188	ee0360f8-aa43-4e3b-acf1-bb09c4d1e35e
189	bbc96b2c-6a05-4584-9f01-09edb447f97a
190	b3440ad0-47b6-42f5-9c14-e46c25a3716c
191	ad759aa0-df00-4471-9a83-454a00c98b7b
192	619a368c-6367-4780-bf6c-dfa2952b9a88
193	fc5058da-7041-4adb-a3e8-ee1741f881ff
194	eac5b52b-3ac1-4cd3-bd55-58eef677b087
195	2fd543d1-eccc-4b4f-822f-4301d93b04da
196	1520b11e-5dbf-4840-a9da-a8d478c78129
197	41ad80bc-914d-4dcb-beca-e77abbf20db8
198	e7207a49-e70f-4446-831c-6616ced2a772
199	e28c6072-5220-4d4d-b0bf-f21cd1f1afaa
200	d9569ee8-af09-49a0-addc-c5e7cf32a814
201	021b29da-0a8a-42c0-b29d-439d8a895f14
202	5b7808f9-bd13-44f2-888b-7bd5574e171e
203	32dcc1ef-8fae-44ce-893c-6b1ca16a1279
204	d40cc839-4f80-4d51-a867-7b32eb5912d7
205	8c9484d5-c9e6-45eb-91ff-e15fa6299def
206	98be22e5-6465-4dfb-a875-0278b3ddf67e
207	5f4378d1-ef43-4813-8513-61803619b943
208	857dc04a-cae8-418a-9f94-0503bc2a0359
209	d0802914-5b0f-4ced-86c5-a3b30401826e
210	f6cde661-6d8d-4ab2-b75f-b79aae66d117
211	723c803c-467a-4ee8-b0d7-d93fa8280fae
212	1ece72c8-c94e-4a98-8499-cb25cd924e44
213	352b25ac-7d3d-443f-a99b-76424398b2c7
214	87869e2c-efc7-426c-bc65-53d2a6b37f26
215	b7982bb8-1856-4b8b-830a-8554f2737b95
216	b3874823-e12e-46a9-baf6-bdb2313c3bf2
217	6966f747-e458-4aaa-9ad2-7dc774fb16a0
218	d800e7a2-c80f-4bb7-8de2-f48a89dca44b
219	81860184-a44c-40af-a4e8-2eb8ba8efc41
220	afc9ed21-1658-46b1-975a-a1130a89bd32
221	72e53d96-276a-4b25-858b-2eeeadfb97b7
222	f0359cd1-66cf-4beb-95b2-276a1486dc93
223	6ee963e1-9bef-4754-b074-98c81e9fff50
224	fc6618cf-91e2-4a5d-964b-3c7790ae467d
225	51715afc-6c5e-42cc-acea-43d98bd7dc7e
226	ef46d537-6cb5-4857-8eeb-57c7575c6447
227	a5c7be33-eccf-4241-bb11-e39230738fde
228	6dc27ddc-d7dc-4c30-a104-1b3978044016
229	688e25f4-07cc-4cdd-af2b-62c2550b9af2
230	0736c19b-9963-4105-b634-7659d760bd32
231	69c1432f-5cd8-4cdd-bb31-9c9389979613
232	4a7d2345-1e83-42ee-a76e-05337ec34e1d
233	b23429df-397b-4acb-b23c-2a15b8754ded
234	61e0126a-819f-4f06-b816-76fc3a3938f2
235	928b02bf-22b4-4ab1-a178-1e78283df228
236	284f2ba5-3ec3-4d0c-8816-e8043dd2c06c
237	10fed10d-b1e3-46f1-ae29-f7e35f706099
238	508bc49b-abff-4e67-b614-77d1c05d5a46
239	d9824bb5-798b-4613-bc44-e5d1e982ca04
240	87ce2a1a-b54c-4c9f-8eef-8ef58d2746f1
241	ef1da3f2-f929-47d3-be5e-1d6b7c499181
242	7223d4ab-c2a5-4df8-bca0-d120ebc59349
243	0a9dbce1-5c2e-4fba-b7e6-be655420c231
244	d4080192-228f-40bd-b0bb-4c5fba35105d
245	733b4ee4-3ecf-4f49-a891-b13da6a3f51f
246	38aefc71-860a-4ece-bff0-b7231f7d3c28
247	85808484-9e57-452f-8666-9f70d508daa6
248	50f4dbc0-d1b9-4966-ba57-758376a6b494
249	05ed9c61-74ec-40c4-b12e-abddc89f5bdb
250	e0d3efe0-637d-4ca6-b676-5ee7e7ea61f8
251	8019567f-a624-4412-b6f5-f3f4dc9cf45d
252	bb4b72e9-24b9-4b20-bb87-6666a47cb0e2
253	f9938ed1-f59b-4e23-9e97-db9281c8e8ac
254	969afac1-709b-48c2-8484-e379a01f900a
255	e6bb6689-dd05-4100-8faa-f72fb910fd37
256	9616e115-a42b-403e-8d90-fd9f80372a4a
257	8beaac7b-027e-4976-be93-179d3a77ca58
258	b4b85ab3-ca1c-48cd-be07-643eee4f7df4
259	0bb3ec3b-0ccf-4c6b-9611-7106f3fefed6
260	0d08fa61-fdbf-4de2-80d9-6cc6bab4f4b7
261	a3c29f66-efe2-4aa0-9ea1-9332f9e82dbc
262	040622ce-6b69-4f12-9193-6a1abca58848
263	a9d501c5-592e-4697-bb46-a983781e9254
264	98fa4844-1a88-4492-9ba3-1e8e0c48d820
265	97730a32-962f-458f-a509-f1efb2109934
266	68d49a12-ac62-4879-969f-79ae26937dcc
267	c6f51eb6-22f7-4342-8246-9087abda8905
268	dd93ce64-5980-499d-8c6f-15cacc794a19
269	9597ae28-802a-44ab-95b7-1868e04258b7
270	bef4d50b-ccc4-4eed-b533-600823d1c99b
271	86909963-6860-4695-9294-bf592407e921
272	eb924fba-2711-4452-a3bf-120f3c6aae81
273	bc93210b-363f-427a-9cae-2596fe85a9b0
274	35beba05-f957-45b7-bbac-5ef888286310
275	314285c8-a420-480f-a90e-c2eaad4edf20
276	ab4d8c1a-bee9-41ff-b60a-f63def08fa2e
277	45566219-4dfa-437f-b11e-01affdba1119
278	6965e5d1-a332-4bd0-b66c-fef252a48094
279	65c84cf0-74b4-4565-b8f8-a9f26ebb60f1
280	1f0abff5-1844-4b34-b365-7910f49f6a5a
281	25ce37a1-2e4e-471e-bda3-74b97eff9df4
282	41db2ad4-77a3-4110-99fb-5f79487caae1
283	1e3447fb-f2b5-4633-aa31-56ec3a1a3326
284	f6900a55-f67b-4be5-a5a0-45a6441f89f2
285	38b3861c-dbff-4867-b0da-fae744119dbb
286	d3f3f602-11cf-4fc3-99cf-e613f9cb38d0
287	1b3da432-9dee-419e-b962-70a34c70e956
288	bd143b18-4abe-47c7-bdf6-9ffc6bed9146
289	de617e6b-d586-481f-b635-1bba732fabb0
290	a0b191a0-2bb3-481d-9551-6154a9c9239a
291	555477bf-e5d5-4281-a798-ffce45cc2389
292	0c5fad71-ca8a-43de-8a45-b38e43199e99
293	d24b9030-23c9-4429-852a-a9e7e1726717
294	e2ff1b9f-ee0e-4ce4-a3b4-678aec0cb90d
295	0dc07707-629f-4ee6-b98b-c1465dd4656d
296	f403581c-078f-4ee0-b4bf-4c62aa68b30c
297	61d92b7d-9593-4427-95d2-87321e19bbf3
298	a4cfa58f-0519-461f-9e5a-70bf09e29bfb
299	332ed74c-3420-4553-bbf3-bb1fb553eedf
300	33b410ee-1040-46db-9256-86454df83385
301	520117bc-f93d-4f9c-b165-314bf71aded1
302	6f03ca50-7325-40f2-917a-c807d1509cdb
